id,memberId,providerName,rating,comment,submittedAt
550e8400-e29b-41d4-a716-446655440000,m-222,Dr. Emily Carter,5,"Quick response time. Issue resolved smoothly.",2025-11-18T08:00:00Z
f47ac10b-58cc-4372-a567-0e02b2c3d479,m-222,Dr. Miguel Alvarez,4,"Great experience, very professional.",2025-11-18T08:05:00Z
9b0d0f41-7f5c-4e11-b1e2-2c9a7f9f8a41,m-222,Nurse Practitioner Haley Brooks,3,"Had trouble at first but got the help I needed.",2025-11-18T08:10:00Z
7f3d1c9a-2c4b-4f7a-9d3b-4e7f9d5c8b6a,m-222,Dr. Samir Patel,4,"Everything went fine.",2025-11-18T08:15:00Z
1d6f3c9a-8b2c-4f9e-a7d1-3e8f1b2c4d5e,m-222,Dr. Naomi Chen,5,"Very caring and patient.",2025-11-18T08:20:00Z
2e9f7b1c-3d6a-4c8f-b7a2-1f3d9c5b7e8f,m-222,Dr. Oliver Grant,4,"Appreciated how clearly he explained each step. Could improve wait time.",2025-11-18T08:25:00Z
5a7b2d3c-1e4f-4b9a-c7d2-6f1b3c8e9a2d,m-222,Dr. Sofia Romano,4,"She was great, but the check-in process took too long. Otherwise excellent.",2025-11-18T08:30:00Z
3f1d6a2b-8c4e-4d9f-a1b3-2e7c5d8f9b1a,m-222,Dr. Marcus Klein,3,"Good overall, but I felt rushed toward the end of the visit.",2025-11-18T08:35:00Z
4b2e7f1c-3d9a-4c8b-b2a1-5f6e3d7c8b9a,m-222,PA Jenna Rivers,5,"Very thorough and made me feel comfortable. Office environment was clean too.",2025-11-18T08:40:00Z
6c5a2b3d-1f8e-4d9c-a7b1-3f2e5d8c9b6a,m-222,Dr. Victoria Hale,4,"Consultation was helpful, but instructions afterward werenâ€™t fully clear. A printed summary would help.",2025-11-18T08:45:00Z
8d1c3e2f-4b6a-4f9d-b1a2-7c3e5d8f1b2a,m-222,Dr. Rahul Desai,3,"Doctor was kind, but scheduling follow-ups online was confusing. Needs improvement.",2025-11-18T08:50:00Z
9f2e4b1c-7a5d-4c8f-a1b3-2d6f3c9e8a5b,m-222,Nurse Practitioner Amina Yusuf,5,"Very attentive and took time to understand my concerns. Room was a bit cold.",2025-11-18T08:55:00Z
1a3b5c7d-2e4f-4d9b-b1c3-6f2d8e9a1b4c,m-222,Dr. Henry Whitman,5,"Extremely thorough and explained things clearly. Long wait time but worth it.",2025-11-18T09:00:00Z
